{"北京":{"北京":"99.86","延庆":"95.04","密云":"99.69"},
"天津":{"天津":"100.48","蓟县":"100.35","塘沽":"100.47"},
"河北省":{"石家庄":"99.56","承德":"96.28","张家界":"92.44","唐山":"100.22","保定":"100.26","邢台":"99.58"},
"山西省":{"太原":"91.92","大同":"88.86","阳泉":"92.27","介休":"92.24","阳城":"93.18","运城":"96.28"},
"内蒙古自治区":{"呼和浩特":"88.94","海拉尔":"93.55","锡林浩特":"89.56","二连浩特":"89.81","通辽":"98.43","赤峰":"94.09"},
"安徽省":{"合肥":"100.09","毫县":"99.98","蚌埠":"100.23","六安":"99.76","芜湖":"100.28","安庆":"100.29","屯溪":"98.89"},
"福建省":{"福州":"99.64","建阳":"98.54","南平":"99.13","永安":"98.26","上杭":"98.34","漳州":"100.27","厦门":"99.91"},
"江西省":{"南昌":"99.91","九江":"100.09","景德镇":"99.82","德兴":"99.99","上饶":"99.26","萍乡":"99.33","吉安":"99.62","赣州":"99.09"},
"山东省":{"济南":"99.85","烟台":"100.1","德州":"100.24","莱阳":"100.23","淄博":"100.1","潍坊":"99.97","青岛":"99.72","荷泽":"99.89","临沂":"99.66"},
"吉林省":{"长春":"97.79","通榆":"98.73","吉林":"98.47","四平":"98.63","延吉":"98.65","通化":"96.07"},
"湖北省":{"武汉":"100.17","光化":"99.35","宜昌":"98.91","荆州":"100","恩施":"97.17","黄石":"100.2"},
"黑龙江省":{"哈尔滨":"98.51","爱辉":"98.58","伊春":"97.86","齐齐哈尔":"98.77","鹤岗":"97.92","佳木斯":"99.6","安达":"98.73","鸡西":"97.94","牡丹江":"97.87","绥芬河":"95.1"},
"上海":{"上海":"100.53","崇明":"100.53","金山":"100.52"},
"江苏省":{"南京":"100.4","连云港":"100.5","徐州":"100.07","淮阴":"100.34","南通":"100.51","武进":"100.49"},
"浙江省":{"杭州":"100.05","舟山":"100.25","宁波":"100.58","金华":"99.86","衡州":"99.79","温州":"100.55"},
"台湾省":{"台北":"100.53","花莲":"100.46","恒春":"100.37"},
"河南省":{"郑州":"99.17","安阳":"99.59","新乡":"99.6","三门峡":"95.83","开封":"99.6","洛阳":"98.76","商丘":"99.91","许昌":"99.62","平顶山":"99.48","南阳":"98.96","驻马店":"99.51","信阳":"99.09"},
"湖南省":{"长沙":"99.94","岳阳":"99.82","常德":"100.02","株洲":"99.55","芷江":"97.43","邵阳":"97.67","衡阳":"99.28","零陵":"98.52","郴州":"98.42"},
"广东省":{"广州":"100.45","韶关":"99.71","汕头":"100.55","阳江":"100.26","湛江":"100.11","海口":"100.24","西沙":"100.5"},
"重庆":{"重庆":"97.32","万州":"98.21"},
"广西壮族自治区":{"南宁":"99.6","桂林":"98.61","柳州":"99.33","百色":"98.3","梧州":"99.14","北海":"100.24"},
"香港":{"香港":"100.56"},
"贵州省":{"贵阳":"88.79","思南":"95.66","遵义":"91.15","毕节":"84.41","威宁":"77.58","安顺":"85.56","独山":"89.54","兴仁":"85.72"},
"云南省":{"昆明":"80.8","昭通":"80.18","丽江":"76.11","腾冲":"83.13","蒙自":"86.44","思茅":"86.5","景洪":"94.29"},
"西藏自治区":{"拉萨":"65.23","索县":"62.04","那曲":"58.9","昌都":"68.14","林芝":"70.54","日喀则":"63.83"},
"陕西省":{"西安":"95.92","榆林":"88.96","延安":"90.02","宝鸡":"93.61","汉中":"94.74","安康":"97.13"},
"甘肃省":{"兰州":"84.31","敦煌":"87.96","酒泉":"84.7","山丹":"81.91","平凉":"86.03","天水":"88.07","武都":"88.58"},
"四川省":{"成都":"94.77","广元":"94.92","甘孜":"64.49","南充":"96.94","宜宾":"96.49","西昌":"83.48"},
"宁夏回族自治区":{"银川":"88.35","石嘴山":"88.53","吴忠":"88.19","盐池":"85.99","中卫":"87.14","固原":"82.11"},
"新疆维吾尔自治区":{"乌鲁木齐":"90.67","阿勒泰":"92.52","克拉玛依":"95.89","伊宁":"93.35","吐鲁番":"99.77","哈密":"92.11","喀什":"86.59","和田":"85.65"}}

